tag,place,user
"""been""","Airdrie, Alberta, Canada",Britishcanadianeh
"""been""","Inglewood, CA, USA",Britishcanadianeh
"""been""","Garden Bay, British Columbia, Canada",Britishcanadianeh
"""been""","Leduc, Alberta, Canada",Britishcanadianeh
"""been""","Long Beach, CA, USA",Britishcanadianeh
"""been""","Worthing, UK",Britishcanadianeh
"""been""","Wolverhampton, UK",Britishcanadianeh
"""been""","Port Alice, British Columbia, Canada",Britishcanadianeh
"""been""","Drumheller, Alberta, Canada",Britishcanadianeh
"""been""","Binningen, Switzerland",Britishcanadianeh
"""been""","West Kelowna, British Columbia, Canada",Britishcanadianeh
"""been""","Leeuwarden, The Netherlands",Britishcanadianeh
"""been""","Bournemouth, UK",Britishcanadianeh
"""been""","Bury St. Edmunds, UK",Britishcanadianeh
"""been""","Port Moody, British Columbia, Canada",Britishcanadianeh
"""been""","Dorking, UK",Britishcanadianeh
"""been""","Nice, France",Britishcanadianeh
"""been""","Unterseen, Switzerland",Britishcanadianeh
"""been""","Bath, UK",Britishcanadianeh
"""been""","Folkestone, UK",Britishcanadianeh
"""been""","Plymouth, UK",Britishcanadianeh
"""been""","Torquay, UK",Britishcanadianeh
"""been""","Silver Star, British Columbia, Canada",Britishcanadianeh
"""been""","Glastonbury, UK",Britishcanadianeh
"""been""","Palma de Mallorca, Spain",Britishcanadianeh
"""been""","Athens, Greece",Britishcanadianeh
"""been""","Wells, UK",Britishcanadianeh
"""been""","Piraeus, Greece",Britishcanadianeh
"""been""","Lynmouth, UK",Britishcanadianeh
"""been""","Lynton, UK",Britishcanadianeh
"""been""","Exeter, UK",Britishcanadianeh
"""been""","Kingston upon Thames, UK",Britishcanadianeh
"""been""","Island of Hawaii, HI, USA",Britishcanadianeh
"""been""","Enniskerry, Ireland",Britishcanadianeh
"""been""","Epsom, UK",Britishcanadianeh
"""been""","Frankfurt, Germany",Britishcanadianeh
"""been""","Hamburg, Germany",Britishcanadianeh
"""been""","Reading, UK",Britishcanadianeh
"""been""","Henley-on-Thames, UK",Britishcanadianeh
"""been""","Sundre, Alberta, Canada",Britishcanadianeh
"""been""","Penzance, UK",Britishcanadianeh
"""been""","Oxford, UK",Britishcanadianeh
"""been""","Tintagel, UK",Britishcanadianeh
"""been""","St Ives, UK",Britishcanadianeh
"""been""","Sheffield, UK",Britishcanadianeh
"""been""","Avignon, France",Britishcanadianeh
"""been""","Arles, France",Britishcanadianeh
"""been""","Oahu, HI, USA",Britishcanadianeh
"""been""","Wenatchee, WA, USA",Britishcanadianeh
"""been""","Taunton, UK",Britishcanadianeh
"""been""","Lumby, British Columbia, Canada",Britishcanadianeh
"""been""","Maui, HI, USA",Britishcanadianeh
"""been""","Reigate, UK",Britishcanadianeh
"""been""","Ipswich, UK",Britishcanadianeh
"""been""","Skookumchuck, British Columbia, Canada",Britishcanadianeh
"""been""","Aix-en-Provence, France",Britishcanadianeh
"""been""","Eastbourne, UK",Britishcanadianeh
"""been""","Kauai, HI, USA",Britishcanadianeh
"""been""","Granada, Spain",Britishcanadianeh
"""been""","Valleyview, Alberta, Canada",Britishcanadianeh
"""been""","Falmouth, UK",Britishcanadianeh
"""been""","Lytton, British Columbia, Canada",Britishcanadianeh
"""been""","Fox Creek, Alberta, Canada",Britishcanadianeh
"""been""","Chester, UK",Britishcanadianeh
"""been""","Tolon, Greece",Britishcanadianeh
"""been""","Spences Bridge, British Columbia, Canada",Britishcanadianeh
"""been""","Osoyoos, British Columbia, Canada",Britishcanadianeh
"""been""","Kenmare, Ireland",Britishcanadianeh
"""been""","Langley City, British Columbia, Canada",Britishcanadianeh
"""been""","Dingle, Ireland",Britishcanadianeh
"""been""","Innsbruck, Austria",Britishcanadianeh
"""been""","Abbotsford, British Columbia, Canada",Britishcanadianeh
"""been""","Yakima, WA, USA",Britishcanadianeh
"""been""","Canmore, Alberta, Canada",Britishcanadianeh
"""been""","Salzburg, Austria",Britishcanadianeh
"""been""","Sidari, Greece",Britishcanadianeh
"""been""","Horsham, UK",Britishcanadianeh
"""been""","East Molesey, UK",Britishcanadianeh
"""been""","Redondo Beach, CA, USA",Britishcanadianeh
"""been""","Redding, CA, USA",Britishcanadianeh
"""been""","Stow-on-the-Wold, UK",Britishcanadianeh
"""been""","Amsterdam, The Netherlands",Britishcanadianeh
"""been""","Tappen, British Columbia, Canada",Britishcanadianeh
"""been""","Richmond, British Columbia, Canada",Britishcanadianeh
"""been""","North Vancouver, British Columbia, Canada",Britishcanadianeh
"""been""","Deep Cove, British Columbia, Canada",Britishcanadianeh
"""been""","Coquitlam, British Columbia, Canada",Britishcanadianeh
"""been""","Britannia Beach, British Columbia, Canada",Britishcanadianeh
"""been""","Great Yarmouth, UK",Britishcanadianeh
"""been""","Chessington, UK",Britishcanadianeh
"""been""","Versailles, France",Britishcanadianeh
"""been""","Paris, France",Britishcanadianeh
"""been""","Portsmouth, UK",Britishcanadianeh
"""been""","Southampton, UK",Britishcanadianeh
"""been""","Zurich, Switzerland",Britishcanadianeh
"""been""","SeaTac, WA, USA",Britishcanadianeh
"""been""","Nordegg, Alberta, Canada",Britishcanadianeh
"""been""","Cologne, Germany",Britishcanadianeh
"""been""","Monroe, WA, USA",Britishcanadianeh
"""been""","Ashcroft, British Columbia, Canada",Britishcanadianeh
"""been""","Bella Bella, British Columbia, Canada",Britishcanadianeh
"""been""","Hayling Island, UK",Britishcanadianeh
"""been""","Mackenzie, British Columbia, Canada",Britishcanadianeh
"""been""","Combe Hay, UK",Britishcanadianeh
"""been""","Shannon, Ireland",Britishcanadianeh
"""been""","Lausanne, Switzerland",Britishcanadianeh
"""been""","Tsawwassen, British Columbia, Canada",Britishcanadianeh
"""been""","Cheltenham, UK",Britishcanadianeh
"""been""","Celista, British Columbia, Canada",Britishcanadianeh
"""been""","Saint-Remy-de-Provence, France",Britishcanadianeh
"""been""","Barcelona, Spain",Britishcanadianeh
"""been""","Crewe, UK",Britishcanadianeh
"""been""","Lauterbrunnen, Switzerland",Britishcanadianeh
"""been""","Honaunau, HI, USA",Britishcanadianeh
"""been""","Vancouver, WA, USA",Britishcanadianeh
"""been""","Guildford, UK",Britishcanadianeh
"""been""","Wailea, HI, USA",Britishcanadianeh
"""been""","Oceanside, CA, USA",Britishcanadianeh
"""been""","Woking, UK",Britishcanadianeh
"""been""","Anahim Lake, British Columbia, Canada",Britishcanadianeh
"""been""","Alexis Creek, British Columbia, Canada",Britishcanadianeh
"""been""","Hastings, UK",Britishcanadianeh
"""been""","Brighton, UK",Britishcanadianeh
"""been""","Stratford-upon-Avon, UK",Britishcanadianeh
"""been""","Rye, UK",Britishcanadianeh
"""been""","Copenhagen, Denmark",Britishcanadianeh
"""been""","Carstairs, Alberta, Canada",Britishcanadianeh
"""been""","Whistler, British Columbia, Canada",Britishcanadianeh
"""been""","San Francisco, CA, USA",Britishcanadianeh
"""been""","Vernon, British Columbia, Canada",Britishcanadianeh
"""been""","Victoria, British Columbia, Canada",Britishcanadianeh
"""been""","Levanto, Italy",Britishcanadianeh
"""been""","Spokane, WA, USA",Britishcanadianeh
"""been""","Vancouver, British Columbia, Canada",Britishcanadianeh
"""been""","Rossland, British Columbia, Canada",Britishcanadianeh
"""been""","St. Albert, Alberta, Canada",Britishcanadianeh
"""been""","Wetaskiwin, Alberta, Canada",Britishcanadianeh
"""been""","Ka'anapali, HI, USA",Britishcanadianeh
"""been""","Armstrong, British Columbia, Canada",Britishcanadianeh
"""been""","Worcester, UK",Britishcanadianeh
"""been""","Brindisi, Italy",Britishcanadianeh
"""been""","Murcia, Spain",Britishcanadianeh
"""been""","Cartagena, Spain",Britishcanadianeh
"""been""","Aberystwyth, UK",Britishcanadianeh
"""been""","Lillooet, British Columbia, Canada",Britishcanadianeh
"""been""","Venice, Italy",Britishcanadianeh
"""been""","Broadway, UK",Britishcanadianeh
"""been""","Prince Rupert, British Columbia, Canada",Britishcanadianeh
"""been""","Prince George, British Columbia, Canada",Britishcanadianeh
"""been""","Maple Ridge, British Columbia, Canada",Britishcanadianeh
"""been""","Oliver, British Columbia, Canada",Britishcanadianeh
"""been""","Verona, Italy",Britishcanadianeh
"""been""","Penticton, British Columbia, Canada",Britishcanadianeh
"""been""","New Westminster, British Columbia, Canada",Britishcanadianeh
"""been""","Nanaimo, British Columbia, Canada",Britishcanadianeh
"""been""","Bernkastel-Kues, Germany",Britishcanadianeh
"""been""","Kelowna, British Columbia, Canada",Britishcanadianeh
"""been""","Kamloops, British Columbia, Canada",Britishcanadianeh
"""been""","Harrison Hot Springs, British Columbia, Canada",Britishcanadianeh
"""been""","Fort Langley, British Columbia, Canada",Britishcanadianeh
"""been""","Chase, British Columbia, Canada",Britishcanadianeh
"""been""","Dawson Creek, British Columbia, Canada",Britishcanadianeh
"""been""","Egmont, British Columbia, Canada",Britishcanadianeh
"""been""","Enderby, British Columbia, Canada",Britishcanadianeh
"""been""","Salisbury, UK",Britishcanadianeh
"""been""","Avebury, UK",Britishcanadianeh
"""been""","Barberino Val d'Elsa, Italy",Britishcanadianeh
"""been""","Windsor, UK",Britishcanadianeh
"""been""","Gaiole in Chianti, Italy",Britishcanadianeh
"""been""","Burns Lake, British Columbia, Canada",Britishcanadianeh
"""been""","Volcano, HI, USA",Britishcanadianeh
"""been""","Sumas, WA, USA",Britishcanadianeh
"""been""","Okanogan, WA, USA",Britishcanadianeh
"""been""","Chilliwack, British Columbia, Canada",Britishcanadianeh
"""been""","Tacoma, WA, USA",Britishcanadianeh
"""been""","Omak, WA, USA",Britishcanadianeh
"""been""","Kapaa, HI, USA",Britishcanadianeh
"""been""","Kalafatis, Greece",Britishcanadianeh
"""been""","Hanalei, HI, USA",Britishcanadianeh
"""been""","Quarteira, Portugal",Britishcanadianeh
"""been""","Aigio, Greece",Britishcanadianeh
"""been""","Grand Forks, British Columbia, Canada",Britishcanadianeh
"""been""","Greve in Chianti, Italy",Britishcanadianeh
"""been""","Hudson's Hope, British Columbia, Canada",Britishcanadianeh
"""been""","Shepton Mallet, UK",Britishcanadianeh
"""been""","Hove, UK",Britishcanadianeh
"""been""","Fernie, British Columbia, Canada",Britishcanadianeh
"""been""","Wicklow, Ireland",Britishcanadianeh
"""been""","Edinburgh, UK",Britishcanadianeh
"""been""","Wexford, Ireland",Britishcanadianeh
"""been""","Birmingham, UK",Britishcanadianeh
"""been""","Gabriola Island, British Columbia, Canada",Britishcanadianeh
"""been""","Chichester, UK",Britishcanadianeh
"""been""","Oroville, WA, USA",Britishcanadianeh
"""been""","Quesnel, British Columbia, Canada",Britishcanadianeh
"""been""","Radium Hot Springs, British Columbia, Canada",Britishcanadianeh
"""been""","Kew, UK",Britishcanadianeh
"""been""","Kirkland, WA, USA",Britishcanadianeh
"""been""","Rosslare, Ireland",Britishcanadianeh
"""been""","Bognor Regis, UK",Britishcanadianeh
"""been""","Tonasket, WA, USA",Britishcanadianeh
"""been""","Warwick, UK",Britishcanadianeh
"""been""","Brandon, FL, USA",Britishcanadianeh
"""been""","Marlborough, UK",Britishcanadianeh
"""been""","Lihue, HI, USA",Britishcanadianeh
"""been""","Royal Wootton Bassett, UK",Britishcanadianeh
"""been""","Sechelt, British Columbia, Canada",Britishcanadianeh
"""been""","Sicamous, British Columbia, Canada",Britishcanadianeh
"""been""","Honolulu, HI, USA",Britishcanadianeh
"""been""","Smithers, British Columbia, Canada",Britishcanadianeh
"""been""","Nakusp, British Columbia, Canada",Britishcanadianeh
"""been""","Naramata, British Columbia, Canada",Britishcanadianeh
"""been""","Waterford, Ireland",Britishcanadianeh
"""been""","Port McNeill, British Columbia, Canada",Britishcanadianeh
"""been""","White Rock, British Columbia, Canada",Britishcanadianeh
"""been""","Makawao, HI, USA",Britishcanadianeh
"""been""","Paia, HI, USA",Britishcanadianeh
"""been""","Seattle, WA, USA",Britishcanadianeh
"""been""","Kahului, HI, USA",Britishcanadianeh
"""been""","Kihei, HI, USA",Britishcanadianeh
"""been""","Kula, HI, USA",Britishcanadianeh
"""been""","Lahaina, HI, USA",Britishcanadianeh
"""been""","Castle Combe, UK",Britishcanadianeh
"""been""","Gimmelwald, Switzerland",Britishcanadianeh
"""been""","San Diego, CA, USA",Britishcanadianeh
"""been""","Kailua-Kona, HI, USA",Britishcanadianeh
"""been""","Hana, HI, USA",Britishcanadianeh
"""been""","Fussen, Germany",Britishcanadianeh
"""been""","York, UK",Britishcanadianeh
"""been""","Cambridge, UK",Britishcanadianeh
"""been""","Ely, UK",Britishcanadianeh
"""been""","Gosport, UK",Britishcanadianeh
"""been""","Point Roberts, WA, USA",Britishcanadianeh
"""been""","Bristol, UK",Britishcanadianeh
"""been""","Stockholm, Sweden",Britishcanadianeh
"""been""","Rome, Italy",Britishcanadianeh
"""been""","Leavenworth, WA, USA",Britishcanadianeh
"""been""","Cardiff, UK",Britishcanadianeh
"""been""","Wailuku, HI, USA",Britishcanadianeh
"""been""","Norwich, UK",Britishcanadianeh
"""been""","New York City, NY, USA",Britishcanadianeh
"""been""","Liverpool, UK",Britishcanadianeh
"""been""","London, UK",Britishcanadianeh
"""been""","Lincoln, UK",Britishcanadianeh
"""been""","Lake Country, British Columbia, Canada",Britishcanadianeh
"""been""","Barnstaple, UK",Britishcanadianeh
"""been""","Munich, Germany",Britishcanadianeh
"""been""","Truro, UK",Britishcanadianeh
"""been""","Stourbridge, UK",Britishcanadianeh
"""been""","Hohenschwangau, Germany",Britishcanadianeh
"""been""","Honalo, HI, USA",Britishcanadianeh
"""been""","Eugene, OR, USA",Britishcanadianeh
"""been""","Sorrento, Italy",Britishcanadianeh
"""been""","Windermere, UK",Britishcanadianeh
"""been""","Naples, Italy",Britishcanadianeh
"""been""","Lacombe, Alberta, Canada",Britishcanadianeh
"""been""","St Just, UK",Britishcanadianeh
"""been""","Haifa, Israel",Britishcanadianeh
"""been""","Jerusalem, Israel",Britishcanadianeh
"""been""","Tel Aviv, Israel",Britishcanadianeh
"""been""","Eilat, Israel",Britishcanadianeh
"""been""","Holyhead, UK",Britishcanadianeh
"""been""","Florence, Italy",Britishcanadianeh
"""been""","Paralio Astros, Greece",Britishcanadianeh
"""been""","Everett, WA, USA",Britishcanadianeh
"""been""","Sherwood Park, Alberta, Canada",Britishcanadianeh
"""been""","Bellevue, WA, USA",Britishcanadianeh
"""been""","Walworth, UK",Britishcanadianeh
"""been""","Rocky Mountain House, Alberta, Canada",Britishcanadianeh
"""been""","Royal Tunbridge Wells, UK",Britishcanadianeh
"""been""","Okanagan Falls, British Columbia, Canada",Britishcanadianeh
"""been""","Dover, UK",Britishcanadianeh
"""been""","Kapalua, HI, USA",Britishcanadianeh
"""been""","Chippenham, UK",Britishcanadianeh
"""been""","Paignton, UK",Britishcanadianeh
"""been""","Fort Nelson, British Columbia, Canada",Britishcanadianeh
"""been""","Bellingham, WA, USA",Britishcanadianeh
"""been""","Fairmont Hot Springs, British Columbia, Canada",Britishcanadianeh
"""been""","Field, British Columbia, Canada",Britishcanadianeh
"""been""","Canterbury, UK",Britishcanadianeh
"""been""","Creston, British Columbia, Canada",Britishcanadianeh
"""been""","Blaine, WA, USA",Britishcanadianeh
"""been""","Helston, UK",Britishcanadianeh
"""been""","Paleokastritsa, Greece",Britishcanadianeh
"""been""","Osthammar, Sweden",Britishcanadianeh
"""been""","Watson Lake, Yukon, Canada",Britishcanadianeh
"""been"",""want""","George, WA, USA",Britishcanadianeh
"""been""","Brewster, WA, USA",Britishcanadianeh
"""been""","Seal Beach, CA, USA",Britishcanadianeh
"""been""","Santa Clarita, CA, USA",Britishcanadianeh
"""been""","Mara, British Columbia, Canada",Britishcanadianeh
"""been""","Sparwood, British Columbia, Canada",Britishcanadianeh
"""been""","Bella Coola, British Columbia, Canada",Britishcanadianeh
"""been""","Nafplio, Greece",Britishcanadianeh
"""been""","Dead Man's Flats, Alberta, Canada",Britishcanadianeh
"""been""","Siena, Italy",Britishcanadianeh
"""been""","San Gimignano, Italy",Britishcanadianeh
"""been""","Kiverio, Greece",Britishcanadianeh
"""been""","Santa Monica, CA, USA",Britishcanadianeh
"""been""","Clearwater, FL, USA",Britishcanadianeh
"""been""","Nea Kios, Greece",Britishcanadianeh
"""been""","Sevenoaks, UK",Britishcanadianeh
"""been""","Leonidio, Greece",Britishcanadianeh
"""been""","Asini, Greece",Britishcanadianeh
"""been""","Hoersholm, Denmark",Britishcanadianeh
"""been""","Brackendale, British Columbia, Canada",Britishcanadianeh
"""been""","Kiveri, Greece",Britishcanadianeh
"""been""","100 Mile House, British Columbia, Canada",Britishcanadianeh
"""been""","Duxford, UK",Britishcanadianeh
"""been""","Gibsons, British Columbia, Canada",Britishcanadianeh
"""been""","Pitt Meadows, British Columbia, Canada",Britishcanadianeh
"""been""","Ladner, British Columbia, Canada",Britishcanadianeh
"""been""","Seebe, Alberta, Canada",Britishcanadianeh
"""been""","Cowes, UK",Britishcanadianeh
"""been""","Lions Bay, British Columbia, Canada",Britishcanadianeh
"""been""","Denver, CO, USA",Britishcanadianeh
"""been""","Piesport, Germany",Britishcanadianeh
"""been""","Agios Spyridonas, Greece",Britishcanadianeh
"""been""","Waimea, HI, USA",Britishcanadianeh
"""been""","Birch Bay, WA, USA",Britishcanadianeh
"""been""","Cape Canaveral, FL, USA",Britishcanadianeh
"""been""","Hilo, HI, USA",Britishcanadianeh
"""been""","Captain Cook, HI, USA",Britishcanadianeh
"""been""","Hakalau, HI, USA",Britishcanadianeh
"""been""","Vanderhoof, British Columbia, Canada",Britishcanadianeh
"""been""","Crowsnest Pass, Alberta, Canada",Britishcanadianeh
"""been""","Anderlecht, Belgium",Britishcanadianeh
"""been""","Hounslow, UK",Britishcanadianeh
"""been""","Sorrento, British Columbia, Canada",Britishcanadianeh
"""want""","San Onofre, CA, USA",Britishcanadianeh
"""been""","Twickenham, UK",Britishcanadianeh
"""been""","Kingston, UK",Britishcanadianeh
"""been""","Peachland, British Columbia, Canada",Britishcanadianeh
"""been""","Key West, FL, USA",Britishcanadianeh
"""been""","Fort Lauderdale, FL, USA",Britishcanadianeh
"""been""","Cloghane, Ireland",Britishcanadianeh
"""been""","Keauhou, HI, USA",Britishcanadianeh
"""been""","South Lake Tahoe, CA, USA",Britishcanadianeh
"""been""","Camrose, Alberta, Canada",Britishcanadianeh
"""been""","Igoumenitsa, Greece",Britishcanadianeh
"""been""","Kimberley, British Columbia, Canada",Britishcanadianeh
"""been""","Comox, British Columbia, Canada",Britishcanadianeh
"""been""","Felixstowe, UK",Britishcanadianeh
"""been""","Summerland, British Columbia, Canada",Britishcanadianeh
"""been""","Agassiz, British Columbia, Canada",Britishcanadianeh
"""been""","Windermere, British Columbia, Canada",Britishcanadianeh
"""been""","Kissimmee, FL, USA",Britishcanadianeh
"""been""","San Jose, CA, USA",Britishcanadianeh
"""been""","Tijuana, Mexico",Britishcanadianeh
"""been""","Rock Creek, British Columbia, Canada",Britishcanadianeh
"""been""","Calais, France",Britishcanadianeh
"""been""","Sandspit, British Columbia, Canada",Britishcanadianeh
"""been""","Galway, Ireland",Britishcanadianeh
"""been""","Manarola, Italy",Britishcanadianeh
"""been""","Kitimat, British Columbia, Canada",Britishcanadianeh
"""been""","Tralee, Ireland",Britishcanadianeh
"""been""","Killarney, Ireland",Britishcanadianeh
"""been""","Vernazza, Italy",Britishcanadianeh
"""been""","Riomaggiore, Italy",Britishcanadianeh
"""been""","Monterosso al Mare, Italy",Britishcanadianeh
"""been""","Kilkenny, Ireland",Britishcanadianeh
"""been""","Flamingo, FL, USA",Britishcanadianeh
"""been""","Surrey, British Columbia, Canada",Britishcanadianeh
"""been""","Williams Lake, British Columbia, Canada",Britishcanadianeh
"""been""","Red Deer, Alberta, Canada",Britishcanadianeh
"""been""","Anaheim, CA, USA",Britishcanadianeh
"""been""","Kaleden, British Columbia, Canada",Britishcanadianeh
"""been""","Southbourne, UK",Britishcanadianeh
"""been""","Cork, Ireland",Britishcanadianeh
"""been""","Dublin, Ireland",Britishcanadianeh
"""been""","Jasper, Alberta, Canada",Britishcanadianeh
"""been""","Tierra Verde, FL, USA",Britishcanadianeh
"""been""","Grande Prairie, Alberta, Canada",Britishcanadianeh
"""been""","Tampa, FL, USA",Britishcanadianeh
"""been""","Edmonton, Alberta, Canada",Britishcanadianeh
"""been""","Calgary, Alberta, Canada",Britishcanadianeh
"""been""","Lake Louise, Alberta, Canada",Britishcanadianeh
"""been""","Banff, Alberta, Canada",Britishcanadianeh
"""been""","Miami Beach, FL, USA",Britishcanadianeh
"""been""","Banff National Park, Alberta, Canada",Britishcanadianeh
"""been""","Mazatlan, Mexico",Britishcanadianeh
"""been""","Puerto Vallarta, Mexico",Britishcanadianeh
"""been""","Manzanillo, Mexico",Britishcanadianeh
"""been""","Taylor, British Columbia, Canada",Britishcanadianeh
"""been""","Monteriggioni, Italy",Britishcanadianeh
"""been""","Rheinfelden, Germany",Britishcanadianeh
"""been""","Trail, British Columbia, Canada",Britishcanadianeh
"""been""","Nuevo Vallarta, Mexico",Britishcanadianeh
"""been""","Terrace, British Columbia, Canada",Britishcanadianeh
"""been""","Dease Lake, British Columbia, Canada",Britishcanadianeh
"""been""","Squamish, British Columbia, Canada",Britishcanadianeh
"""been""","Pouce Coupe, British Columbia, Canada",Britishcanadianeh
"""been""","Sidney, British Columbia, Canada",Britishcanadianeh
"""been""","Salmon Arm, British Columbia, Canada",Britishcanadianeh
"""been""","Rogers Pass, British Columbia, Canada",Britishcanadianeh
"""been""","Fareham, UK",Britishcanadianeh
"""been""","Revelstoke, British Columbia, Canada",Britishcanadianeh
"""been""","Ottawa, Ontario, Canada",Britishcanadianeh
"""been""","Princeton, British Columbia, Canada",Britishcanadianeh
"""been""","Port Coquitlam, British Columbia, Canada",Britishcanadianeh
"""been""","Basel, Switzerland",Britishcanadianeh
"""been""","Coronado, CA, USA",Britishcanadianeh
"""been""","Boulder, CO, USA",Britishcanadianeh
"""been""","Encinitas, CA, USA",Britishcanadianeh
"""been""","Golden, CO, USA",Britishcanadianeh
"""been""","Cloverdale, British Columbia, Canada",Britishcanadianeh
"""been""","Queen Charlotte City, British Columbia, Canada",Britishcanadianeh
"""been""","Moresby Island, British Columbia, Canada",Britishcanadianeh
"""been""","Toronto, Ontario, Canada",Britishcanadianeh
"""been""","Manchester, UK",Britishcanadianeh
"""been""","Havant, UK",Britishcanadianeh
"""been""","Mykonos Town, Greece",Britishcanadianeh
"""been""","Haleakala National Park, HI, USA",Britishcanadianeh
"""been""","Montepertuso, Italy",Britishcanadianeh
"""been""","Crawley, UK",Britishcanadianeh
"""been""","Laguna Beach, CA, USA",Britishcanadianeh
"""been""","San Javier, Spain",Britishcanadianeh
"""been""","Corfu Town, Greece",Britishcanadianeh
"""been""","Mayne Island, British Columbia, Canada",Britishcanadianeh
"""been""","Ein Gedi, Israel",Britishcanadianeh
"""been""","Maidstone, UK",Britishcanadianeh
"""been""","Faro, Portugal",Britishcanadianeh
"""been""","Lagos, Portugal",Britishcanadianeh
"""been""","Morrison, CO, USA",Britishcanadianeh
"""been""","Algarve, Portugal",Britishcanadianeh
"""been""","Albufeira, Portugal",Britishcanadianeh
"""been""","Halfmoon Bay, British Columbia, Canada",Britishcanadianeh
"""been""","Auburn, WA, USA",Britishcanadianeh
"""been""","Orlando, FL, USA",Britishcanadianeh
"""been""","Richmond-upon-Thames, UK",Britishcanadianeh
"""been""","Vienna, Austria",Britishcanadianeh
"""been""","Farmington, British Columbia, Canada",Britishcanadianeh
"""been""","Swindon, UK",Britishcanadianeh
"""been""","Gloucester, UK",Britishcanadianeh
"""been""","Innisfail, Alberta, Canada",Britishcanadianeh
"""been""","Grindelwald, Switzerland",Britishcanadianeh
"""been""","Murren, Switzerland",Britishcanadianeh
"""been""","Roberts Creek, British Columbia, Canada",Britishcanadianeh
"""been""","Heffley Creek, British Columbia, Canada",Britishcanadianeh
"""been""","Argos, Greece",Britishcanadianeh
"""been""","Port Hardy, British Columbia, Canada",Britishcanadianeh
"""been""","Ilfracombe, UK",Britishcanadianeh
"""been""","Alicante, Spain",Britishcanadianeh
"""been""","Saskatoon, Saskatchewan, Canada",Britishcanadianeh
"""been""","Powell River, British Columbia, Canada",Britishcanadianeh
"""been""","Tiberias, Israel",Britishcanadianeh
"""been""","Deal, UK",Britishcanadianeh
"""been""","Ponoka, Alberta, Canada",Britishcanadianeh
"""been""","Keremeos, British Columbia, Canada",Britishcanadianeh
"""been""","Bowen Island, British Columbia, Canada",Britishcanadianeh
"""been""","Reno, NV, USA",Britishcanadianeh
"""been""","Poggibonsi, Italy",Britishcanadianeh
"""been""","Sylvan Lake, Alberta, Canada",Britishcanadianeh
"""been""","Garden Grove, CA, USA",Britishcanadianeh
"""been""","Positano, Italy",Britishcanadianeh
"""been""","Lakewood, CO, USA",Britishcanadianeh
"""been""","King's Lynn, UK",Britishcanadianeh
"""been""","St. Pete Beach, FL, USA",Britishcanadianeh
"""been""","Campbell River, British Columbia, Canada",Britishcanadianeh
"""been""","Burnaby, British Columbia, Canada",Britishcanadianeh
"""been""","Ercolano, Italy",Britishcanadianeh
"""been""","West Vancouver, British Columbia, Canada",Britishcanadianeh
"""been""","Aldergrove, British Columbia, Canada",Britishcanadianeh
"""been""","108 Mile Ranch, British Columbia, Canada",Britishcanadianeh
"""been""","Cochrane, Alberta, Canada",Britishcanadianeh
"""been""","Stettler, Alberta, Canada",Britishcanadianeh
"""been""","Olds, Alberta, Canada",Britishcanadianeh
"""been""","Lisbon, Portugal",Britishcanadianeh
"""been""","Portland, OR, USA",Britishcanadianeh
"""been""","Castlegar, British Columbia, Canada",Britishcanadianeh
"""been""","Bradford-on-Avon, UK",Britishcanadianeh
"""been""","Chetwynd, British Columbia, Canada",Britishcanadianeh
"""been""","Platys Gialos, Greece",Britishcanadianeh
"""been""","Bern, Switzerland",Britishcanadianeh
"""been""","Los Angeles, CA, USA",Britishcanadianeh
"""been""","Scotch Creek, British Columbia, Canada",Britishcanadianeh
"""been""","Big White, British Columbia, Canada",Britishcanadianeh
"""been""","Mission, British Columbia, Canada",Britishcanadianeh
"""been""","Montreal, Quebec, Canada",Britishcanadianeh
"""been""","Merritt, British Columbia, Canada",Britishcanadianeh
"""been""","Las Vegas, NV, USA",Britishcanadianeh
"""been""","Invermere, British Columbia, Canada",Britishcanadianeh
"""been""","Hope, British Columbia, Canada",Britishcanadianeh
"""been""","Golden, British Columbia, Canada",Britishcanadianeh
"""been""","Fort St. John, British Columbia, Canada",Britishcanadianeh
"""been""","Delta, British Columbia, Canada",Britishcanadianeh
"""been""","Cranbrook, British Columbia, Canada",Britishcanadianeh
"""been""","Geneva, Switzerland",Britishcanadianeh
"""been""","Nelson, British Columbia, Canada",Britishcanadianeh
